wl_home,10 Game Rolling Average Away Team Field Goals Made,10 Game Rolling Average Away Team Field Goals Attempted,10 Game Rolling Average Away Team Field Goal Percentage,10 Game Rolling Average Away Team 3-Point Field Goals Made,10 Game Rolling Average Away Team 3-Point Field Goals Attempted,10 Game Rolling Average Away Team 3-Point Percentage,10 Game Rolling Average Away Team Free Throws Made,10 Game Rolling Average Away Team Free Throws Attempted,10 Game Rolling Average Away Team Free Throw Percentage,10 Game Rolling Average Away Team Offensive Rebounds,10 Game Rolling Average Away Team Defensive Rebounds,10 Game Rolling Average Away Team Total Rebounds,10 Game Rolling Average Away Team Assists,10 Game Rolling Average Away Team Steals,10 Game Rolling Average Away Team Blocks,10 Game Rolling Average Away Team Turnovers,10 Game Rolling Average Away Team Personal Fouls,10 Game Rolling Average Away Team Points,10 Game Rolling Average Home Team field goals,10 Game Rolling Average Home Team Field Goals Attempted,10 Game Rolling Average Home Team Field Goal Percentage,10 Game Rolling Average Home Team 3-Point Field Goals Made,10 Game Rolling Average Home Team 3-Point Field Goals Attempted,10 Game Rolling Average Home Team 3-Point Percentage,10 Game Rolling Average Home Team Free Throws Made,10 Game Rolling Average Home Team Free Throws Attempted,10 Game Rolling Average Home Team Free Throw Percentage,10 Game Rolling Average Home Team Offensive Rebounds,10 Game Rolling Average Home Team Defensive Rebounds,10 Game Rolling Average Home Team Total Rebounds,10 Game Rolling Average Home Team Assists,10 Game Rolling Average Home Team Steals,10 Game Rolling Average Home Team Blocks,10 Game Rolling Average Home Team Turnovers,10 Game Rolling Average Home Team Personal Fouls,10 Game Rolling Average Home Team Points,h2h_win_ratio_last10,home_Atlanta Hawks,home_Boston Celtics,home_Brooklyn Nets,home_Charlotte Bobcats,home_Charlotte Hornets,home_Chicago Bulls,home_Cleveland Cavaliers,home_Dallas Mavericks,home_Denver Nuggets,home_Detroit Pistons,home_Golden State Warriors,home_Houston Rockets,home_Indiana Pacers,home_Los Angeles Clippers,home_Los Angeles Lakers,home_Memphis Grizzlies,home_Miami Heat,home_Milwaukee Bucks,home_Minnesota Timberwolves,home_New Orleans Pelicans,home_New York Knicks,home_Oklahoma City Thunder,home_Orlando Magic,home_Philadelphia 76ers,home_Phoenix Suns,home_Portland Trail Blazers,home_Sacramento Kings,home_San Antonio Spurs,home_Seattle SuperSonics,home_Toronto Raptors,home_Utah Jazz,home_Washington Wizards,away_Atlanta Hawks,away_Boston Celtics,away_Brooklyn Nets,away_Charlotte Bobcats,away_Charlotte Hornets,away_Chicago Bulls,away_Cleveland Cavaliers,away_Dallas Mavericks,away_Denver Nuggets,away_Detroit Pistons,away_Golden State Warriors,away_Houston Rockets,away_Indiana Pacers,away_Los Angeles Clippers,away_Los Angeles Lakers,away_Memphis Grizzlies,away_Miami Heat,away_Milwaukee Bucks,away_Minnesota Timberwolves,away_New Orleans Pelicans,away_New York Knicks,away_Oklahoma City Thunder,away_Orlando Magic,away_Philadelphia 76ers,away_Phoenix Suns,away_Portland Trail Blazers,away_Sacramento Kings,away_San Antonio Spurs,away_Seattle SuperSonics,away_Toronto Raptors,away_Utah Jazz,away_Washington Wizards
0.0,43.9,87.0,0.5055000000000001,12.9,31.3,0.40590000000000004,18.0,25.4,0.7087,9.4,34.2,43.6,29.6,7.3,5.1,14.1,21.9,118.7,44.6,95.1,0.47000000000000003,13.9,36.3,0.38249999999999995,15.9,20.7,0.7663,12.5,34.2,46.7,29.2,7.9,4.4,15.7,18.4,119.0,0.6,0,0,0,0,0,0,0,0,0,0,0,0,0,0,0,0,0,0,0,0,0,0,0,0,0,0,0,1,0,0,0,0,0,0,0,0,0,0,0,0,0,0,0,0,0,0,0,0,0,0,1,0,0,0,0,0,0,0,0,0,0,0,0,0
1.0,46.5,89.9,0.5182,15.8,39.8,0.393,19.3,24.8,0.7853,8.9,37.9,46.8,29.6,5.8,5.7,14.1,17.9,128.1,44.5,92.1,0.4845,10.6,32.4,0.32849999999999996,17.3,22.3,0.7878999999999999,14.6,32.3,46.9,25.1,10.5,6.2,12.3,19.4,116.9,0.4,0,0,0,0,0,0,0,0,0,0,0,0,0,0,0,0,0,0,0,0,0,0,0,0,0,0,0,0,0,1,0,0,0,0,0,0,0,0,0,0,0,0,0,0,0,0,0,0,0,1,0,0,0,0,0,0,0,0,0,0,0,0,0,0
1.0,44.6,90.7,0.49219999999999986,10.3,29.6,0.3496,19.5,23.1,0.8462,12.1,30.4,42.5,25.5,7.1,4.0,13.3,18.8,119.0,43.5,90.1,0.4857,16.4,43.3,0.3801,15.6,20.4,0.7575000000000001,9.8,38.8,48.6,27.7,7.2,5.9,14.8,17.8,119.0,0.4,0,1,0,0,0,0,0,0,0,0,0,0,0,0,0,0,0,0,0,0,0,0,0,0,0,0,0,0,0,0,0,0,1,0,0,0,0,0,0,0,0,0,0,0,0,0,0,0,0,0,0,0,0,0,0,0,0,0,0,0,0,0,0,0
0.0,42.4,85.2,0.497,12.5,31.3,0.40409999999999996,20.8,24.8,0.8435,9.9,33.9,43.8,24.4,7.9,4.6,14.2,19.1,118.1,39.2,86.2,0.4556000000000001,12.2,36.1,0.34140000000000004,17.8,22.4,0.8004999999999999,8.9,33.5,42.4,25.5,7.5,5.3,11.4,18.1,108.4,0.3,0,0,1,0,0,0,0,0,0,0,0,0,0,0,0,0,0,0,0,0,0,0,0,0,0,0,0,0,0,0,0,0,0,0,0,0,0,0,0,0,0,0,0,0,0,0,0,0,0,0,0,0,0,0,0,1,0,0,0,0,0,0,0,0
1.0,38.0,85.4,0.446,10.4,31.5,0.3215,18.4,24.0,0.7725,10.6,30.7,41.3,21.7,7.0,4.3,15.6,22.4,104.8,42.8,86.1,0.49959999999999993,10.0,29.5,0.33940000000000003,17.2,20.5,0.8493999999999999,7.6,29.9,37.5,24.2,8.4,4.2,12.0,18.6,112.8,1.0,0,0,0,0,0,1,0,0,0,0,0,0,0,0,0,0,0,0,0,0,0,0,0,0,0,0,0,0,0,0,0,0,0,0,0,0,0,0,0,0,0,1,0,0,0,0,0,0,0,0,0,0,0,0,0,0,0,0,0,0,0,0,0,0
0.0,41.8,89.3,0.46770000000000006,9.8,30.2,0.3271,18.0,24.6,0.7380000000000001,9.5,34.9,44.4,25.4,8.2,4.9,12.3,18.7,111.4,43.4,87.0,0.5003,11.2,30.9,0.35029999999999994,16.1,20.9,0.7731000000000001,10.6,30.4,41.0,25.9,7.2,6.0,12.3,18.8,114.1,0.3,0,0,0,0,0,0,1,0,0,0,0,0,0,0,0,0,0,0,0,0,0,0,0,0,0,0,0,0,0,0,0,0,0,0,0,0,1,0,0,0,0,0,0,0,0,0,0,0,0,0,0,0,0,0,0,0,0,0,0,0,0,0,0,0
0.0,40.2,93.8,0.42730000000000007,11.2,36.0,0.3111,14.4,20.5,0.6963999999999999,10.0,31.9,41.9,25.5,6.8,4.0,13.4,20.1,106.0,41.6,87.7,0.4756,16.7,43.8,0.3788,16.7,22.0,0.7534000000000001,7.0,32.0,39.0,23.6,5.7,3.4,11.8,20.2,116.6,0.9,0,0,0,0,0,0,0,1,0,0,0,0,0,0,0,0,0,0,0,0,0,0,0,0,0,0,0,0,0,0,0,0,0,0,0,0,0,0,0,0,0,0,0,0,0,0,0,0,0,0,0,0,0,0,0,0,0,0,0,1,0,0,0,0
1.0,43.1,88.7,0.48740000000000006,16.8,41.5,0.4083,18.9,24.9,0.7555,10.0,37.9,47.9,29.7,6.8,4.0,12.5,19.1,121.9,42.8,88.5,0.48349999999999993,11.1,33.4,0.32789999999999997,17.7,23.9,0.736,11.3,34.4,45.7,28.7,6.8,4.4,12.6,17.7,114.4,0.6,0,0,0,0,0,0,0,0,1,0,0,0,0,0,0,0,0,0,0,0,0,0,0,0,0,0,0,0,0,0,0,0,0,0,0,0,0,0,0,0,0,0,0,0,0,0,0,0,0,0,0,0,0,0,0,0,0,0,1,0,0,0,0,0
1.0,41.1,90.3,0.457,9.5,33.0,0.2943,17.1,21.8,0.7881,11.1,35.4,46.5,22.7,7.4,5.1,15.2,19.8,108.8,41.3,79.9,0.5165,13.1,30.5,0.43439999999999995,24.2,28.2,0.8586,8.9,28.3,37.2,25.5,7.2,3.1,14.4,17.4,119.9,0.7,0,0,0,0,0,0,0,0,0,0,0,0,0,0,0,0,1,0,0,0,0,0,0,0,0,0,0,0,0,0,0,0,0,0,0,0,0,0,0,0,0,0,0,0,0,0,0,0,0,0,0,0,0,0,1,0,0,0,0,0,0,0,0,0
1.0,42.4,86.7,0.4902,12.1,29.6,0.41150000000000003,16.5,19.6,0.8464,9.5,31.3,40.8,26.6,7.8,3.5,12.5,19.5,113.4,41.6,89.6,0.46449999999999997,11.2,32.6,0.34609999999999996,18.3,23.9,0.7638999999999999,9.6,33.2,42.8,25.6,7.0,5.3,14.8,20.5,112.7,0.6,0,0,0,0,0,0,0,0,0,0,0,0,0,0,0,0,0,0,1,0,0,0,0,0,0,0,0,0,0,0,0,0,0,0,0,0,0,0,0,0,0,0,0,0,0,0,0,0,0,0,0,1,0,0,0,0,0,0,0,0,0,0,0,0
0.0,42.9,88.2,0.4854,11.2,31.6,0.35180000000000006,16.8,22.2,0.7645000000000001,10.6,31.8,42.4,26.5,6.5,5.6,15.4,20.6,113.8,44.2,84.4,0.5231,14.3,35.0,0.4112,18.7,25.3,0.7358,8.6,33.7,42.3,24.5,6.6,4.2,13.4,18.5,121.4,0.3,0,0,0,0,0,0,0,0,0,0,0,0,0,0,0,0,0,0,0,0,1,0,0,0,0,0,0,0,0,0,0,0,0,0,0,0,0,0,0,0,0,0,0,0,1,0,0,0,0,0,0,0,0,0,0,0,0,0,0,0,0,0,0,0
1.0,44.0,91.4,0.4801,14.6,37.8,0.38439999999999996,15.0,20.0,0.7481,9.2,33.6,42.8,28.2,8.1,5.0,13.0,22.2,117.6,44.5,92.8,0.47940000000000005,12.4,34.4,0.36029999999999995,22.0,27.3,0.796,10.9,31.4,42.3,24.7,9.0,2.5,11.6,21.6,123.4,0.7,0,0,0,0,0,0,0,0,0,0,0,0,0,0,0,0,0,0,0,0,0,1,0,0,0,0,0,0,0,0,0,0,0,0,0,0,0,0,0,0,0,0,0,0,0,0,0,1,0,0,0,0,0,0,0,0,0,0,0,0,0,0,0,0
0.0,41.8,87.9,0.4777,12.9,34.8,0.37470000000000003,21.7,26.5,0.8204,9.3,32.7,42.0,25.2,7.9,4.3,12.9,21.3,118.2,42.7,90.3,0.47359999999999997,12.6,33.1,0.37610000000000005,18.1,22.1,0.8294,11.4,34.4,45.8,27.0,7.4,6.0,12.1,19.5,116.1,0.4,0,0,0,0,0,0,0,0,0,0,0,0,0,0,0,0,0,0,0,0,0,0,0,0,1,0,0,0,0,0,0,0,0,0,0,0,0,0,0,0,0,0,0,0,0,1,0,0,0,0,0,0,0,0,0,0,0,0,0,0,0,0,0,0
0.0,43.1,90.0,0.48109999999999997,14.8,42.4,0.35089999999999993,17.4,20.5,0.8473,12.0,31.5,43.5,29.7,6.7,5.2,16.9,20.3,118.4,37.2,85.4,0.4394,12.3,36.2,0.333,18.7,23.2,0.8173,8.7,28.1,36.8,20.7,7.4,5.7,15.2,18.0,105.4,0.8,0,0,0,0,0,0,0,0,0,0,0,0,0,0,0,0,0,0,0,0,0,0,0,0,0,1,0,0,0,0,0,0,0,0,0,0,0,0,0,0,0,0,1,0,0,0,0,0,0,0,0,0,0,0,0,0,0,0,0,0,0,0,0,0
0.0,43.9,92.0,0.47800000000000004,8.0,25.9,0.3094,17.5,23.8,0.7336999999999999,15.4,30.3,45.7,22.9,7.9,3.8,14.8,21.0,113.3,45.4,90.6,0.5034,10.8,32.7,0.32910000000000006,16.7,20.9,0.7958000000000001,9.3,34.9,44.2,27.1,6.2,4.8,12.6,17.0,118.3,0.7,0,0,0,0,0,0,0,0,0,0,0,0,0,0,0,0,0,0,0,0,0,0,0,0,0,0,0,0,0,0,0,1,0,0,0,0,0,0,0,0,0,0,0,1,0,0,0,0,0,0,0,0,0,0,0,0,0,0,0,0,0,0,0,0
1.0,44.2,90.7,0.4883,11.1,33.4,0.3299999999999999,17.3,21.4,0.8119,11.8,36.0,47.8,26.2,5.4,6.3,16.7,20.5,116.8,41.4,84.4,0.49329999999999996,11.2,30.2,0.369,20.3,26.9,0.7565999999999999,9.3,35.7,45.0,25.2,5.8,4.3,14.3,16.3,114.3,0.5,0,0,0,0,0,0,0,0,0,0,0,0,0,0,1,0,0,0,0,0,0,0,0,0,0,0,0,0,0,0,0,0,0,0,0,0,0,0,0,0,0,0,0,0,0,0,0,0,0,0,0,0,0,0,0,0,0,0,0,0,0,0,1,0
1.0,45.2,91.9,0.49289999999999995,10.2,29.9,0.34450000000000003,19.1,22.5,0.8491,12.7,30.7,43.4,25.2,7.8,3.9,13.0,17.9,119.7,42.8,89.8,0.4795999999999999,16.8,44.2,0.37970000000000004,15.9,20.8,0.7561000000000001,10.2,38.8,49.0,28.0,6.7,5.7,15.2,17.3,118.3,0.4,0,1,0,0,0,0,0,0,0,0,0,0,0,0,0,0,0,0,0,0,0,0,0,0,0,0,0,0,0,0,0,0,1,0,0,0,0,0,0,0,0,0,0,0,0,0,0,0,0,0,0,0,0,0,0,0,0,0,0,0,0,0,0,0
1.0,45.3,90.5,0.5019,15.7,42.1,0.37139999999999995,17.3,20.3,0.8515,12.2,32.9,45.1,31.7,7.8,5.2,17.2,20.0,123.6,44.2,91.0,0.4883,13.4,38.3,0.34809999999999997,19.6,26.1,0.7354999999999999,11.0,29.1,40.1,27.1,6.9,2.9,10.2,19.2,121.4,0.8,0,0,0,0,0,0,0,0,0,0,0,0,0,0,0,0,0,0,0,0,0,0,0,0,0,0,1,0,0,0,0,0,0,0,0,0,0,0,0,0,0,0,1,0,0,0,0,0,0,0,0,0,0,0,0,0,0,0,0,0,0,0,0,0
1.0,40.8,89.3,0.45890000000000003,14.6,39.6,0.3691,21.3,25.9,0.8361000000000001,10.8,30.2,41.0,25.4,7.7,5.5,13.1,19.1,117.5,37.9,79.5,0.47830000000000006,11.4,31.7,0.3604,21.8,25.9,0.8477,8.3,32.8,41.1,24.4,6.5,5.9,14.0,20.9,109.0,0.3,0,0,0,0,0,0,0,0,0,0,0,0,0,0,0,0,0,0,0,0,0,0,0,1,0,0,0,0,0,0,0,0,0,0,1,0,0,0,0,0,0,0,0,0,0,0,0,0,0,0,0,0,0,0,0,0,0,0,0,0,0,0,0,0
0.0,42.3,90.6,0.46740000000000004,13.8,39.9,0.3467,19.3,26.5,0.7322,14.0,34.7,48.7,23.9,7.5,4.7,13.6,19.0,117.7,42.5,88.1,0.4832000000000001,11.3,31.8,0.34519999999999995,15.6,20.0,0.7869,10.6,31.2,41.8,26.5,7.3,5.9,12.5,19.6,111.9,0.5,0,0,0,0,0,0,1,0,0,0,0,0,0,0,0,0,0,0,0,0,0,0,0,0,0,0,0,0,0,0,0,0,0,0,0,0,0,0,0,0,0,0,0,0,0,0,0,0,0,0,0,0,1,0,0,0,0,0,0,0,0,0,0,0
0.0,42.3,88.7,0.47890000000000005,11.8,33.4,0.3532,20.3,25.4,0.8013999999999999,9.8,32.9,42.7,25.0,7.4,4.4,12.6,21.1,116.7,42.7,91.2,0.46930000000000005,12.6,33.0,0.37710000000000005,17.1,21.1,0.8208,11.1,34.0,45.1,27.6,7.3,5.8,11.7,19.4,115.1,0.5,0,0,0,0,0,0,0,0,0,0,0,0,0,0,0,0,0,0,0,0,0,0,0,0,1,0,0,0,0,0,0,0,0,0,0,0,0,0,0,0,0,0,0,0,0,1,0,0,0,0,0,0,0,0,0,0,0,0,0,0,0,0,0,0
0.0,38.2,84.1,0.45389999999999997,12.9,38.0,0.33890000000000003,17.5,21.1,0.8138,9.3,30.2,39.5,24.9,6.6,2.3,13.4,17.7,106.8,44.3,91.5,0.4878000000000001,16.7,42.6,0.3896,14.0,18.8,0.7506,11.1,36.0,47.1,28.3,5.7,4.4,13.3,16.4,119.3,0.4,0,0,0,0,0,0,0,0,0,0,0,0,0,0,0,0,0,1,0,0,0,0,0,0,0,0,0,0,0,0,0,0,0,0,0,0,0,0,0,0,0,0,0,0,0,0,0,0,1,0,0,0,0,0,0,0,0,0,0,0,0,0,0,0
0.0,42.7,88.9,0.48039999999999994,11.3,32.1,0.3553,24.0,30.2,0.7934,12.7,35.1,47.8,25.4,7.1,5.3,14.2,16.6,120.7,46.2,90.9,0.5077,14.3,37.6,0.3746,17.4,22.2,0.7774,10.6,33.5,44.1,28.7,7.8,4.9,12.2,17.9,124.1,0.6,0,0,0,0,0,0,0,0,0,0,0,0,0,0,0,1,0,0,0,0,0,0,0,0,0,0,0,0,0,0,0,0,0,0,0,0,0,0,0,0,0,0,0,0,0,0,1,0,0,0,0,0,0,0,0,0,0,0,0,0,0,0,0,0
1.0,45.3,88.2,0.5136999999999999,13.9,32.2,0.4205,18.3,25.9,0.7051000000000001,9.5,34.0,43.5,30.9,7.1,5.3,13.4,21.6,122.8,42.2,88.5,0.47639999999999993,10.7,33.1,0.3174,18.4,24.9,0.7346999999999999,12.2,34.3,46.5,27.8,7.2,4.1,13.3,17.8,113.5,0.4,0,0,0,0,0,0,0,0,1,0,0,0,0,0,0,0,0,0,0,0,0,0,0,0,0,0,0,0,0,0,0,0,0,0,0,0,0,0,0,0,0,0,0,0,0,0,0,0,0,0,1,0,0,0,0,0,0,0,0,0,0,0,0,0
1.0,44.9,90.6,0.49689999999999995,15.3,42.0,0.36419999999999997,18.0,21.4,0.8417999999999999,12.3,33.6,45.9,31.2,7.7,5.6,16.6,20.4,123.1,43.7,91.9,0.4781000000000001,13.2,38.8,0.3337,20.0,26.3,0.7434999999999999,11.6,29.6,41.2,26.4,7.4,3.1,10.9,19.4,120.6,0.8,0,0,0,0,0,0,0,0,0,0,0,0,0,0,0,0,0,0,0,0,0,0,0,0,0,0,1,0,0,0,0,0,0,0,0,0,0,0,0,0,0,0,1,0,0,0,0,0,0,0,0,0,0,0,0,0,0,0,0,0,0,0,0,0
1.0,40.5,87.3,0.4678999999999999,14.4,38.6,0.3754,20.4,25.4,0.8078000000000001,10.8,30.6,41.4,25.1,7.4,5.5,13.7,18.5,115.8,38.7,80.0,0.485,12.2,32.4,0.3731,20.5,23.9,0.8671,9.0,31.6,40.6,25.1,7.6,5.2,13.7,20.0,110.1,0.3,0,0,0,0,0,0,0,0,0,0,0,0,0,0,0,0,0,0,0,0,0,0,0,1,0,0,0,0,0,0,0,0,0,0,1,0,0,0,0,0,0,0,0,0,0,0,0,0,0,0,0,0,0,0,0,0,0,0,0,0,0,0,0,0
1.0,42.0,88.8,0.47519999999999996,11.6,33.5,0.34550000000000003,20.2,25.3,0.8007,10.2,32.8,43.0,25.3,6.9,4.3,13.1,21.3,115.8,41.7,90.0,0.46480000000000005,11.2,30.6,0.3622,18.3,22.8,0.8120999999999998,10.3,33.6,43.9,27.2,7.1,6.0,11.2,20.2,112.9,0.5,0,0,0,0,0,0,0,0,0,0,0,0,0,0,0,0,0,0,0,0,0,0,0,0,1,0,0,0,0,0,0,0,0,0,0,0,0,0,0,0,0,0,0,0,0,1,0,0,0,0,0,0,0,0,0,0,0,0,0,0,0,0,0,0
1.0,41.3,89.9,0.45990000000000003,13.1,38.7,0.3377,19.0,25.5,0.7498,14.6,33.8,48.4,23.9,7.9,4.4,13.2,18.3,114.7,41.8,87.4,0.47879999999999995,11.7,32.3,0.35439999999999994,15.4,20.1,0.7733,10.4,31.1,41.5,26.1,7.2,5.9,12.8,19.2,110.7,0.5,0,0,0,0,0,0,1,0,0,0,0,0,0,0,0,0,0,0,0,0,0,0,0,0,0,0,0,0,0,0,0,0,0,0,0,0,0,0,0,0,0,0,0,0,0,0,0,0,0,0,0,0,1,0,0,0,0,0,0,0,0,0,0,0
1.0,43.7,90.9,0.4826,9.6,30.0,0.3224000000000001,18.8,22.6,0.8309,12.5,31.2,43.7,24.9,8.2,3.9,12.9,18.1,115.8,43.1,90.8,0.47729999999999995,16.5,44.3,0.36910000000000004,15.1,19.8,0.7573000000000001,10.7,39.8,50.5,27.8,6.8,6.0,15.6,17.0,117.8,0.3,0,1,0,0,0,0,0,0,0,0,0,0,0,0,0,0,0,0,0,0,0,0,0,0,0,0,0,0,0,0,0,0,1,0,0,0,0,0,0,0,0,0,0,0,0,0,0,0,0,0,0,0,0,0,0,0,0,0,0,0,0,0,0,0
1.0,40.0,84.5,0.4734,13.3,36.9,0.3683,16.2,19.8,0.8027999999999998,9.0,29.9,38.9,25.7,6.5,2.1,13.2,17.6,109.5,43.9,91.2,0.48520000000000013,15.2,41.5,0.3676,14.1,19.1,0.7444,11.1,35.2,46.3,28.3,5.6,4.7,13.8,16.3,117.1,0.5,0,0,0,0,0,0,0,0,0,0,0,0,0,0,0,0,0,1,0,0,0,0,0,0,0,0,0,0,0,0,0,0,0,0,0,0,0,0,0,0,0,0,0,0,0,0,0,0,1,0,0,0,0,0,0,0,0,0,0,0,0,0,0,0
1.0,43.4,88.4,0.4904,12.3,32.4,0.38089999999999996,23.3,29.0,0.8059000000000001,12.0,34.7,46.7,25.4,6.9,6.0,14.7,16.7,122.4,45.4,90.5,0.5010999999999999,13.8,37.2,0.3657,17.6,22.0,0.799,10.3,33.0,43.3,27.5,7.8,4.8,12.0,18.0,122.2,0.6,0,0,0,0,0,0,0,0,0,0,0,0,0,0,0,1,0,0,0,0,0,0,0,0,0,0,0,0,0,0,0,0,0,0,0,0,0,0,0,0,0,0,0,0,0,0,1,0,0,0,0,0,0,0,0,0,0,0,0,0,0,0,0,0
1.0,43.5,88.3,0.4907,13.0,31.9,0.39980000000000004,17.0,24.4,0.6904,9.4,33.9,43.3,29.6,7.3,5.3,13.4,21.1,117.0,41.4,87.9,0.471,11.0,33.1,0.3251,17.2,23.5,0.7252,12.2,34.7,46.9,26.7,6.8,4.2,12.8,17.5,111.0,0.4,0,0,0,0,0,0,0,0,1,0,0,0,0,0,0,0,0,0,0,0,0,0,0,0,0,0,0,0,0,0,0,0,0,0,0,0,0,0,0,0,0,0,0,0,0,0,0,0,0,0,1,0,0,0,0,0,0,0,0,0,0,0,0,0
0.0,43.7,87.2,0.5001,12.4,32.0,0.38789999999999997,20.0,24.4,0.8215,10.4,33.0,43.4,25.4,8.1,4.5,13.9,19.7,119.8,39.1,85.3,0.45870000000000005,12.2,35.0,0.351,18.3,23.0,0.8008000000000001,9.1,32.3,41.4,25.6,7.6,5.0,12.5,19.1,108.7,0.2,0,0,1,0,0,0,0,0,0,0,0,0,0,0,0,0,0,0,0,0,0,0,0,0,0,0,0,0,0,0,0,0,0,0,0,0,0,0,0,0,0,0,0,0,0,0,0,0,0,0,0,0,0,0,0,1,0,0,0,0,0,0,0,0
0.0,44.5,91.4,0.48979999999999996,11.4,32.9,0.33809999999999996,17.8,22.4,0.7971,11.3,32.0,43.3,28.3,6.1,6.7,11.9,24.2,118.2,43.6,84.5,0.5179,12.5,31.8,0.3799,18.1,23.8,0.7436999999999999,9.1,32.4,41.5,27.6,8.5,3.8,14.2,17.6,117.8,0.5,0,0,0,0,0,0,0,0,0,0,0,0,0,1,0,0,0,0,0,0,0,0,0,0,0,0,0,0,0,0,0,0,0,0,0,0,0,0,0,0,0,0,0,0,0,0,0,0,0,0,0,0,0,0,0,0,1,0,0,0,0,0,0,0
1.0,42.5,89.0,0.47850000000000004,16.4,41.6,0.3982,17.7,23.4,0.7489,10.2,36.0,46.2,28.7,7.2,4.2,12.0,18.8,119.1,43.2,89.7,0.48390000000000005,17.0,42.7,0.3972,16.2,21.2,0.7745999999999998,12.3,35.8,48.1,29.4,7.5,3.8,15.4,19.5,119.6,0.7,0,0,0,0,0,0,0,0,0,0,1,0,0,0,0,0,0,0,0,0,0,0,0,0,0,0,0,0,0,0,0,0,0,0,0,0,0,0,0,0,0,0,0,0,0,0,0,0,0,0,0,0,0,0,0,0,0,0,1,0,0,0,0,0
0.0,42.4,85.7,0.49700000000000005,10.6,30.3,0.351,15.6,20.4,0.7698,9.0,31.3,40.3,28.0,8.1,5.1,13.6,17.5,111.0,41.5,89.1,0.46609999999999996,10.9,31.8,0.3458,18.1,24.2,0.7492,9.2,33.7,42.9,26.0,7.0,5.4,14.5,20.0,112.0,0.5,0,0,0,0,0,0,0,0,0,0,0,0,0,0,0,0,0,0,1,0,0,0,0,0,0,0,0,0,0,0,0,0,0,0,0,0,0,0,0,0,1,0,0,0,0,0,0,0,0,0,0,0,0,0,0,0,0,0,0,0,0,0,0,0
1.0,43.3,90.9,0.47590000000000005,16.3,44.1,0.36869999999999997,15.9,20.5,0.7752000000000001,9.9,33.8,43.7,27.6,6.5,4.5,10.9,18.6,118.8,46.9,95.9,0.4897,11.3,32.1,0.3483,22.4,27.9,0.8075000000000001,14.0,34.5,48.5,26.9,7.2,5.3,13.5,18.0,127.5,0.3,1,0,0,0,0,0,0,0,0,0,0,0,0,0,0,0,0,0,0,0,0,0,0,0,0,0,0,0,0,0,0,0,0,1,0,0,0,0,0,0,0,0,0,0,0,0,0,0,0,0,0,0,0,0,0,0,0,0,0,0,0,0,0,0
1.0,42.9,87.0,0.493,12.6,31.5,0.3955,16.6,21.2,0.7951,8.9,27.1,36.0,24.0,7.6,5.1,11.2,20.4,115.0,44.9,87.0,0.5163,14.3,35.6,0.4046,18.5,24.9,0.74,9.9,33.9,43.8,25.6,7.0,4.7,14.1,18.5,122.6,0.5,0,0,0,0,0,0,0,0,0,0,0,0,0,0,0,0,0,0,0,0,1,0,0,0,0,0,0,0,0,0,0,0,0,0,0,0,0,0,1,0,0,0,0,0,0,0,0,0,0,0,0,0,0,0,0,0,0,0,0,0,0,0,0,0
1.0,46.4,89.8,0.5175,14.8,38.3,0.38339999999999996,19.3,24.7,0.7889999999999999,8.9,37.2,46.1,29.4,5.8,5.3,14.3,17.7,126.9,41.9,80.1,0.5226,13.7,32.4,0.42729999999999996,22.7,27.0,0.8398,8.5,29.2,37.7,26.2,7.5,3.2,15.0,17.7,120.2,0.5,0,0,0,0,0,0,0,0,0,0,0,0,0,0,0,0,1,0,0,0,0,0,0,0,0,0,0,0,0,0,0,0,0,0,0,0,0,0,0,0,0,0,0,0,0,0,0,0,0,1,0,0,0,0,0,0,0,0,0,0,0,0,0,0
1.0,44.9,92.2,0.4866999999999999,14.2,38.3,0.3689,13.9,18.7,0.7428999999999999,9.3,33.8,43.1,28.3,8.3,4.8,13.1,21.4,117.9,41.9,84.6,0.49759999999999993,11.9,31.4,0.37570000000000003,20.1,26.8,0.7510000000000001,9.3,36.0,45.3,25.1,5.9,4.7,14.5,15.5,115.8,0.5,0,0,0,0,0,0,0,0,0,0,0,0,0,0,1,0,0,0,0,0,0,0,0,0,0,0,0,0,0,0,0,0,0,0,0,0,0,0,0,0,0,0,0,0,0,0,0,1,0,0,0,0,0,0,0,0,0,0,0,0,0,0,0,0
0.0,44.5,91.3,0.49029999999999996,11.5,33.1,0.3391,20.1,25.5,0.7931999999999999,12.3,30.7,43.0,27.3,6.5,6.2,11.9,23.8,120.6,44.2,85.7,0.5172,13.4,33.3,0.3928,17.6,23.2,0.7423,8.8,32.3,41.1,27.9,8.5,4.1,14.3,18.9,119.4,0.4,0,0,0,0,0,0,0,0,0,0,0,0,0,1,0,0,0,0,0,0,0,0,0,0,0,0,0,0,0,0,0,0,0,0,0,0,0,0,0,0,0,0,0,0,0,0,0,0,0,0,0,0,0,0,0,0,1,0,0,0,0,0,0,0
0.0,43.8,87.9,0.49689999999999995,12.0,31.5,0.38259999999999994,18.6,23.0,0.8055,10.2,33.2,43.4,24.5,7.8,4.2,13.4,19.3,118.2,39.2,85.2,0.46040000000000003,11.8,34.1,0.3484,18.6,22.9,0.8176,9.6,31.1,40.7,25.8,7.3,4.9,12.8,18.2,108.8,0.1,0,0,1,0,0,0,0,0,0,0,0,0,0,0,0,0,0,0,0,0,0,0,0,0,0,0,0,0,0,0,0,0,0,0,0,0,0,0,0,0,0,0,0,0,0,0,0,0,0,0,0,0,0,0,0,1,0,0,0,0,0,0,0,0
1.0,41.5,85.8,0.4829,12.3,31.6,0.38539999999999996,16.3,20.8,0.792,9.2,27.2,36.4,23.5,7.5,5.2,12.6,20.4,111.6,44.3,86.5,0.5122,13.4,34.1,0.3953,17.7,24.4,0.7184999999999999,9.9,33.0,42.9,25.3,8.3,4.5,13.6,18.0,119.7,0.5,0,0,0,0,0,0,0,0,0,0,0,0,0,0,0,0,0,0,0,0,1,0,0,0,0,0,0,0,0,0,0,0,0,0,0,0,0,0,1,0,0,0,0,0,0,0,0,0,0,0,0,0,0,0,0,0,0,0,0,0,0,0,0,0
1.0,42.8,85.1,0.5052000000000001,10.6,30.0,0.3544999999999999,14.8,19.7,0.7594,8.7,32.3,41.0,28.0,7.5,5.1,13.7,18.7,111.0,40.3,88.3,0.4565,10.9,31.8,0.34579999999999994,18.8,24.7,0.7587999999999999,9.3,33.4,42.7,25.1,7.1,5.3,14.7,19.8,110.3,0.5,0,0,0,0,0,0,0,0,0,0,0,0,0,0,0,0,0,0,1,0,0,0,0,0,0,0,0,0,0,0,0,0,0,0,0,0,0,0,0,0,1,0,0,0,0,0,0,0,0,0,0,0,0,0,0,0,0,0,0,0,0,0,0,0
1.0,41.9,89.7,0.4683,16.0,42.8,0.3787,16.2,22.0,0.7346999999999999,10.7,36.9,47.6,28.9,6.8,4.3,12.0,19.1,116.0,42.3,90.6,0.47009999999999996,17.4,44.7,0.3892,16.7,21.9,0.7716,12.9,36.5,49.4,29.1,8.2,4.1,14.8,19.5,118.7,0.7,0,0,0,0,0,0,0,0,0,0,1,0,0,0,0,0,0,0,0,0,0,0,0,0,0,0,0,0,0,0,0,0,0,0,0,0,0,0,0,0,0,0,0,0,0,0,0,0,0,0,0,0,0,0,0,0,0,0,1,0,0,0,0,0
0.0,43.6,90.0,0.48319999999999996,16.8,44.1,0.37920000000000004,15.6,20.0,0.7773,9.0,32.4,41.4,28.2,7.1,4.0,10.7,18.2,119.6,47.0,95.0,0.4957000000000001,11.8,32.1,0.36300000000000004,22.2,27.9,0.7949999999999999,13.8,34.7,48.5,26.9,7.3,5.5,14.4,17.8,128.0,0.3,1,0,0,0,0,0,0,0,0,0,0,0,0,0,0,0,0,0,0,0,0,0,0,0,0,0,0,0,0,0,0,0,0,1,0,0,0,0,0,0,0,0,0,0,0,0,0,0,0,0,0,0,0,0,0,0,0,0,0,0,0,0,0,0
1.0,45.6,90.5,0.5032,15.3,39.4,0.3862,16.9,22.5,0.7615999999999999,9.4,36.6,46.0,28.8,6.0,5.1,14.4,17.4,123.4,42.2,80.2,0.5256000000000001,14.0,32.2,0.4387,22.2,26.4,0.841,8.1,29.7,37.8,25.3,8.3,3.3,14.4,17.6,120.6,0.5,0,0,0,0,0,0,0,0,0,0,0,0,0,0,0,0,1,0,0,0,0,0,0,0,0,0,0,0,0,0,0,0,0,0,0,0,0,0,0,0,0,0,0,0,0,0,0,0,0,1,0,0,0,0,0,0,0,0,0,0,0,0,0,0
1.0,43.4,92.3,0.47000000000000003,13.7,38.8,0.34930000000000005,14.6,19.2,0.7596,10.9,34.6,45.5,27.4,7.7,4.7,14.1,21.3,115.1,41.9,84.6,0.4976,11.9,31.4,0.37570000000000003,20.0,26.6,0.7532,9.7,34.7,44.4,24.3,6.6,5.3,14.6,15.5,115.7,0.5,0,0,0,0,0,0,0,0,0,0,0,0,0,0,1,0,0,0,0,0,0,0,0,0,0,0,0,0,0,0,0,0,0,0,0,0,0,0,0,0,0,0,0,0,0,0,0,1,0,0,0,0,0,0,0,0,0,0,0,0,0,0,0,0
0.0,44.3,93.1,0.4783999999999999,10.3,31.8,0.3257,16.6,20.4,0.7942,13.4,31.5,44.9,24.8,8.0,4.2,12.9,16.9,115.5,43.8,91.0,0.4843,17.1,44.7,0.38360000000000005,14.5,18.8,0.7673000000000001,10.3,39.8,50.1,28.0,7.0,6.4,15.3,15.9,119.2,0.2,0,1,0,0,0,0,0,0,0,0,0,0,0,0,0,0,0,0,0,0,0,0,0,0,0,0,0,0,0,0,0,0,1,0,0,0,0,0,0,0,0,0,0,0,0,0,0,0,0,0,0,0,0,0,0,0,0,0,0,0,0,0,0,0
1.0,41.5,88.6,0.4702,11.6,33.1,0.3498,20.5,25.7,0.7984,10.6,31.3,41.9,24.1,6.8,4.5,13.2,21.4,115.1,42.3,89.6,0.4742,10.9,28.6,0.37440000000000007,17.8,22.0,0.8231999999999999,10.3,33.1,43.4,27.2,6.6,6.3,10.9,19.8,113.3,0.4,0,0,0,0,0,0,0,0,0,0,0,0,0,0,0,0,0,0,0,0,0,0,0,0,1,0,0,0,0,0,0,0,0,0,0,0,0,0,0,0,0,0,0,0,0,1,0,0,0,0,0,0,0,0,0,0,0,0,0,0,0,0,0,0
1.0,42.1,87.0,0.48260000000000003,13.2,32.2,0.40210000000000007,17.3,24.4,0.7034,9.8,33.3,43.1,28.1,6.5,4.8,13.4,21.4,114.7,42.0,87.7,0.47909999999999997,11.2,32.2,0.3448,16.7,22.9,0.7245999999999999,11.8,33.4,45.2,26.5,6.8,3.8,12.8,17.9,111.9,0.5,0,0,0,0,0,0,0,0,1,0,0,0,0,0,0,0,0,0,0,0,0,0,0,0,0,0,0,0,0,0,0,0,0,0,0,0,0,0,0,0,0,0,0,0,0,0,0,0,0,0,1,0,0,0,0,0,0,0,0,0,0,0,0,0
0.0,45.2,90.6,0.5006,15.1,41.5,0.36339999999999995,17.2,20.8,0.8292999999999999,12.4,34.4,46.8,30.5,7.4,5.5,17.1,21.3,122.7,43.2,92.8,0.46720000000000006,12.5,38.8,0.3153,20.8,27.2,0.7509,12.2,29.8,42.0,24.7,7.8,3.3,11.2,20.7,119.7,0.7,0,0,0,0,0,0,0,0,0,0,0,0,0,0,0,0,0,0,0,0,0,0,0,0,0,0,1,0,0,0,0,0,0,0,0,0,0,0,0,0,0,0,1,0,0,0,0,0,0,0,0,0,0,0,0,0,0,0,0,0,0,0,0,0
0.0,41.0,84.8,0.4838,13.4,36.8,0.3722,16.2,19.9,0.7997,8.5,30.8,39.3,26.2,6.5,2.0,13.6,16.5,111.6,44.8,92.8,0.48570000000000013,16.0,43.0,0.3686,12.3,17.1,0.7425999999999999,10.9,35.6,46.5,28.8,6.2,4.8,13.6,15.6,117.9,0.6,0,0,0,0,0,0,0,0,0,0,0,0,0,0,0,0,0,1,0,0,0,0,0,0,0,0,0,0,0,0,0,0,0,0,0,0,0,0,0,0,0,0,0,0,0,0,0,0,1,0,0,0,0,0,0,0,0,0,0,0,0,0,0,0
1.0,43.1,88.3,0.48739999999999994,11.7,31.6,0.36960000000000004,22.9,28.8,0.7951,11.7,34.1,45.8,25.3,6.9,5.7,13.4,16.7,120.8,45.1,90.8,0.49610000000000004,13.9,37.0,0.37,17.2,21.7,0.7918999999999999,10.3,33.4,43.7,27.4,7.5,4.9,11.9,18.4,121.3,0.5,0,0,0,0,0,0,0,0,0,0,0,0,0,0,0,1,0,0,0,0,0,0,0,0,0,0,0,0,0,0,0,0,0,0,0,0,0,0,0,0,0,0,0,0,0,0,1,0,0,0,0,0,0,0,0,0,0,0,0,0,0,0,0,0
0.0,40.0,87.7,0.45500000000000007,12.5,36.6,0.3358,19.5,25.4,0.7686,13.6,32.6,46.2,22.8,8.5,4.8,13.6,17.6,112.0,41.2,86.7,0.4758,11.3,32.0,0.34679999999999994,15.9,20.8,0.7686000000000001,10.7,30.6,41.3,25.6,7.5,6.1,13.2,19.7,109.6,0.4,0,0,0,0,0,0,1,0,0,0,0,0,0,0,0,0,0,0,0,0,0,0,0,0,0,0,0,0,0,0,0,0,0,0,0,0,0,0,0,0,0,0,0,0,0,0,0,0,0,0,0,0,1,0,0,0,0,0,0,0,0,0,0,0
0.0,43.0,89.4,0.48019999999999996,16.4,43.9,0.37160000000000004,16.7,21.3,0.7779999999999999,9.4,32.9,42.3,27.2,6.9,3.9,11.4,18.4,119.1,46.9,95.1,0.4942000000000001,12.8,33.6,0.38260000000000005,22.0,27.5,0.8004,13.1,34.5,47.6,27.7,7.5,5.5,14.0,18.3,128.6,0.2,1,0,0,0,0,0,0,0,0,0,0,0,0,0,0,0,0,0,0,0,0,0,0,0,0,0,0,0,0,0,0,0,0,1,0,0,0,0,0,0,0,0,0,0,0,0,0,0,0,0,0,0,0,0,0,0,0,0,0,0,0,0,0,0
1.0,44.0,93.6,0.4709,13.7,39.3,0.3464,14.2,18.4,0.7694,11.9,34.0,45.9,28.2,7.8,4.8,14.7,21.4,115.9,41.5,86.0,0.48489999999999994,11.6,32.0,0.36019999999999996,20.6,27.8,0.7338,10.5,35.6,46.1,23.7,6.3,5.6,14.0,16.2,115.2,0.5,0,0,0,0,0,0,0,0,0,0,0,0,0,0,1,0,0,0,0,0,0,0,0,0,0,0,0,0,0,0,0,0,0,0,0,0,0,0,0,0,0,0,0,0,0,0,0,1,0,0,0,0,0,0,0,0,0,0,0,0,0,0,0,0
0.0,42.9,92.1,0.4667,15.6,42.1,0.3758,15.4,20.9,0.7386999999999999,11.4,36.1,47.5,28.8,6.7,4.3,11.0,19.3,116.8,42.9,90.3,0.4781999999999999,17.4,43.5,0.4,16.6,21.6,0.7780999999999999,12.2,35.6,47.8,29.7,8.1,4.1,14.8,19.4,119.8,0.7,0,0,0,0,0,0,0,0,0,0,1,0,0,0,0,0,0,0,0,0,0,0,0,0,0,0,0,0,0,0,0,0,0,0,0,0,0,0,0,0,0,0,0,0,0,0,0,0,0,0,0,0,0,0,0,0,0,0,1,0,0,0,0,0
1.0,44.4,91.3,0.4891,10.4,30.6,0.3374,20.1,25.7,0.787,12.4,31.4,43.8,26.9,6.9,6.3,12.6,23.2,119.3,41.1,87.6,0.46909999999999996,11.1,32.3,0.3407,18.0,24.2,0.7309,12.2,33.6,45.8,25.7,6.9,3.9,12.6,18.8,111.3,0.4,0,0,0,0,0,0,0,0,1,0,0,0,0,0,0,0,0,0,0,0,0,0,0,0,0,0,0,0,0,0,0,0,0,0,0,0,0,0,0,0,0,0,0,0,0,0,0,0,0,0,0,0,0,0,0,0,1,0,0,0,0,0,0,0
0.0,41.8,86.4,0.48460000000000003,14.0,37.6,0.3803,15.4,19.6,0.7694,8.9,31.4,40.3,26.8,6.3,2.3,13.0,17.9,113.0,44.4,87.1,0.51,13.0,33.9,0.3842,17.2,23.8,0.7152000000000001,10.9,32.3,43.2,24.8,8.2,4.9,13.5,18.4,119.0,0.6,0,0,0,0,0,0,0,0,0,0,0,0,0,0,0,0,0,0,0,0,1,0,0,0,0,0,0,0,0,0,0,0,0,0,0,0,0,0,0,0,0,0,0,0,0,0,0,0,1,0,0,0,0,0,0,0,0,0,0,0,0,0,0,0
0.0,45.3,91.4,0.49700000000000005,14.5,41.7,0.34509999999999996,17.3,21.2,0.8192,12.8,34.7,47.5,31.0,8.0,6.1,17.0,21.2,122.4,43.0,93.4,0.4615,12.5,39.0,0.3134,20.6,26.6,0.7605000000000001,12.8,29.4,42.2,24.1,7.7,3.3,11.9,20.4,119.1,0.6,0,0,0,0,0,0,0,0,0,0,0,0,0,0,0,0,0,0,0,0,0,0,0,0,0,0,1,0,0,0,0,0,0,0,0,0,0,0,0,0,0,0,1,0,0,0,0,0,0,0,0,0,0,0,0,0,0,0,0,0,0,0,0,0
1.0,43.8,90.8,0.48519999999999996,9.9,29.5,0.3325,19.5,24.9,0.7894,12.3,31.2,43.5,26.2,6.8,6.6,13.3,22.3,117.0,42.2,88.9,0.47459999999999997,11.2,32.0,0.3464,18.6,24.2,0.7708999999999999,12.7,33.6,46.3,25.3,7.8,3.8,12.5,19.1,114.2,0.5,0,0,0,0,0,0,0,0,1,0,0,0,0,0,0,0,0,0,0,0,0,0,0,0,0,0,0,0,0,0,0,0,0,0,0,0,0,0,0,0,0,0,0,0,0,0,0,0,0,0,0,0,0,0,0,0,1,0,0,0,0,0,0,0
0.0,42.8,87.8,0.48649999999999993,11.9,30.7,0.3887999999999999,18.2,22.1,0.8233,10.3,32.3,42.6,24.0,7.6,3.6,12.9,19.3,115.7,44.4,89.3,0.49820000000000003,16.2,42.6,0.37960000000000005,13.0,17.6,0.7331,9.5,39.5,49.0,28.4,6.3,6.8,14.6,15.1,118.0,0.5,0,1,0,0,0,0,0,0,0,0,0,0,0,0,0,0,0,0,0,0,0,0,0,0,0,0,0,0,0,0,0,0,0,0,0,0,0,0,0,0,0,0,0,0,0,0,0,0,0,0,0,0,0,0,0,1,0,0,0,0,0,0,0,0
1.0,41.9,86.7,0.4843,14.3,37.8,0.38660000000000005,15.8,20.1,0.7695000000000001,8.5,31.8,40.3,27.1,6.7,2.6,12.5,18.3,113.9,43.1,86.8,0.497,11.7,33.8,0.3477,17.0,23.7,0.7085,11.4,32.0,43.4,24.0,8.3,5.0,13.2,18.4,114.9,0.6,0,0,0,0,0,0,0,0,0,0,0,0,0,0,0,0,0,0,0,0,1,0,0,0,0,0,0,0,0,0,0,0,0,0,0,0,0,0,0,0,0,0,0,0,0,0,0,0,1,0,0,0,0,0,0,0,0,0,0,0,0,0,0,0
0.0,43.0,89.5,0.4801,11.1,32.0,0.3495,21.3,26.9,0.7906000000000001,12.1,35.0,47.1,25.9,6.9,5.2,13.4,16.5,118.4,42.1,91.1,0.4640999999999999,17.4,43.6,0.39899999999999997,17.3,23.1,0.7595,12.4,35.3,47.7,28.9,8.8,4.3,14.8,19.5,118.9,0.5,0,0,0,0,0,0,0,0,0,0,1,0,0,0,0,0,0,0,0,0,0,0,0,0,0,0,0,0,0,0,0,0,0,0,0,0,0,0,0,0,0,0,0,0,0,0,1,0,0,0,0,0,0,0,0,0,0,0,0,0,0,0,0,0
1.0,41.9,87.9,0.47569999999999996,12.1,31.0,0.39059999999999995,17.6,21.1,0.8414999999999999,10.5,31.9,42.4,22.6,7.5,3.4,12.9,19.6,113.5,44.6,88.0,0.5092,15.4,40.3,0.3814000000000001,13.4,17.4,0.7625,9.8,38.5,48.3,28.4,5.7,7.0,15.1,14.1,118.0,0.5,0,1,0,0,0,0,0,0,0,0,0,0,0,0,0,0,0,0,0,0,0,0,0,0,0,0,0,0,0,0,0,0,0,0,0,0,0,0,0,0,0,0,0,0,0,0,0,0,0,0,0,0,0,0,0,1,0,0,0,0,0,0,0,0
1.0,43.3,90.5,0.4779999999999999,9.9,30.6,0.32730000000000004,21.3,27.0,0.7875,11.9,35.3,47.2,25.9,6.5,6.0,12.4,16.1,117.8,41.8,90.5,0.4636,17.2,43.4,0.3968,16.8,22.6,0.7519,12.0,34.1,46.1,28.6,8.1,4.2,14.1,20.4,117.6,0.4,0,0,0,0,0,0,0,0,0,0,1,0,0,0,0,0,0,0,0,0,0,0,0,0,0,0,0,0,0,0,0,0,0,0,0,0,0,0,0,0,0,0,0,0,0,0,1,0,0,0,0,0,0,0,0,0,0,0,0,0,0,0,0,0
1.0,42.8,87.0,0.4941000000000001,11.2,31.0,0.36479999999999996,14.0,19.0,0.7461,9.3,33.2,42.5,27.2,7.2,5.2,13.5,19.3,110.8,43.3,89.5,0.48530000000000006,11.4,28.9,0.38960000000000006,18.5,22.8,0.8231999999999999,10.6,33.0,43.6,28.0,6.6,6.4,10.7,19.9,116.5,0.6,0,0,0,0,0,0,0,0,0,0,0,0,0,0,0,0,0,0,0,0,0,0,0,0,1,0,0,0,0,0,0,0,0,0,0,0,0,0,0,0,1,0,0,0,0,0,0,0,0,0,0,0,0,0,0,0,0,0,0,0,0,0,0,0
0.0,43.8,90.1,0.48539999999999994,17.0,43.9,0.3859,16.4,20.9,0.7816,9.5,33.7,43.2,27.7,6.9,4.4,10.7,17.8,121.0,38.8,80.2,0.4851,12.4,33.2,0.37120000000000003,19.0,22.0,0.8684,9.5,32.5,42.0,25.3,7.6,5.6,14.6,20.9,109.0,0.6,0,0,0,0,0,0,0,0,0,0,0,0,0,0,0,0,0,0,0,0,0,0,0,1,0,0,0,0,0,0,0,0,0,1,0,0,0,0,0,0,0,0,0,0,0,0,0,0,0,0,0,0,0,0,0,0,0,0,0,0,0,0,0,0
1.0,40.5,87.2,0.46290000000000003,12.7,36.4,0.34419999999999995,19.4,25.6,0.759,13.3,32.3,45.6,22.8,8.6,5.0,14.0,17.6,113.1,42.4,81.2,0.5218,13.7,32.5,0.4241,21.0,25.2,0.8344999999999999,8.2,31.1,39.3,24.7,8.6,3.4,14.9,17.9,119.5,0.5,0,0,0,0,0,0,0,0,0,0,0,0,0,0,0,0,1,0,0,0,0,0,0,0,0,0,0,0,0,0,0,0,0,0,0,0,0,0,0,0,0,0,0,0,0,0,0,0,0,0,0,0,1,0,0,0,0,0,0,0,0,0,0,0
1.0,44.9,91.6,0.492,14.9,42.3,0.35019999999999996,17.8,22.2,0.8125,13.0,34.6,47.6,30.7,7.8,5.8,16.0,21.5,122.5,42.1,86.2,0.4904,11.9,32.8,0.36100000000000004,20.8,27.6,0.755,10.4,37.2,47.6,24.6,6.3,6.9,14.5,16.1,116.9,0.4,0,0,0,0,0,0,0,0,0,0,0,0,0,0,1,0,0,0,0,0,0,0,0,0,0,0,0,0,0,0,0,0,0,0,0,0,0,0,0,0,0,0,1,0,0,0,0,0,0,0,0,0,0,0,0,0,0,0,0,0,0,0,0,0
1.0,42.4,87.8,0.4856,11.4,31.6,0.36479999999999996,14.1,18.6,0.7638,9.6,33.3,42.9,27.0,6.9,5.0,13.8,19.9,110.3,43.8,90.0,0.488,11.0,28.2,0.3846,18.4,22.9,0.8121,10.6,33.6,44.2,27.8,6.4,6.5,10.2,20.1,117.0,0.5,0,0,0,0,0,0,0,0,0,0,0,0,0,0,0,0,0,0,0,0,0,0,0,0,1,0,0,0,0,0,0,0,0,0,0,0,0,0,0,0,1,0,0,0,0,0,0,0,0,0,0,0,0,0,0,0,0,0,0,0,0,0,0,0
1.0,44.2,90.3,0.4891,17.4,44.4,0.3915,16.2,20.2,0.7973,9.6,33.7,43.3,28.2,7.1,4.6,10.8,17.9,122.0,38.7,80.7,0.48100000000000004,13.0,34.2,0.3774,18.9,21.9,0.868,9.5,32.8,42.3,25.4,7.6,6.1,14.0,20.5,109.3,0.6,0,0,0,0,0,0,0,0,0,0,0,0,0,0,0,0,0,0,0,0,0,0,0,1,0,0,0,0,0,0,0,0,0,1,0,0,0,0,0,0,0,0,0,0,0,0,0,0,0,0,0,0,0,0,0,0,0,0,0,0,0,0,0,0
1.0,39.4,87.5,0.44930000000000003,12.4,36.7,0.3345,19.3,25.7,0.7506999999999999,13.5,32.3,45.8,22.5,8.2,5.0,14.2,18.0,110.5,42.4,83.2,0.5107,13.6,32.8,0.4184,21.6,25.4,0.8489000000000001,8.5,32.1,40.6,24.2,8.2,3.5,13.9,18.5,120.0,0.5,0,0,0,0,0,0,0,0,0,0,0,0,0,0,0,0,1,0,0,0,0,0,0,0,0,0,0,0,0,0,0,0,0,0,0,0,0,0,0,0,0,0,0,0,0,0,0,0,0,0,0,0,1,0,0,0,0,0,0,0,0,0,0,0
1.0,44.6,91.6,0.4887,14.9,43.2,0.3425999999999999,16.2,20.5,0.8007,12.9,34.7,47.6,30.6,8.0,5.6,16.6,21.6,120.3,42.0,85.8,0.49169999999999997,12.9,33.9,0.3844,21.7,28.2,0.7694,9.7,38.1,47.8,25.0,6.5,7.2,14.6,16.4,118.6,0.3,0,0,0,0,0,0,0,0,0,0,0,0,0,0,1,0,0,0,0,0,0,0,0,0,0,0,0,0,0,0,0,0,0,0,0,0,0,0,0,0,0,0,1,0,0,0,0,0,0,0,0,0,0,0,0,0,0,0,0,0,0,0,0,0
1.0,43.0,90.8,0.47680000000000006,10.1,30.5,0.33290000000000003,18.4,23.2,0.8167,11.7,31.0,42.7,26.0,6.2,6.6,12.9,22.5,114.5,41.3,87.5,0.472,10.7,31.6,0.3336,18.6,23.9,0.7816,11.7,33.8,45.5,24.5,7.9,3.6,12.3,18.8,111.9,0.5,0,0,0,0,0,0,0,0,1,0,0,0,0,0,0,0,0,0,0,0,0,0,0,0,0,0,0,0,0,0,0,0,0,0,0,0,0,0,0,0,0,0,0,0,0,0,0,0,0,0,0,0,0,0,0,0,1,0,0,0,0,0,0,0
0.0,41.1,87.6,0.4673,11.1,30.3,0.36739999999999995,17.3,20.8,0.8394999999999999,10.0,32.1,42.1,20.9,6.8,3.8,12.4,19.1,110.6,44.5,87.9,0.5086,15.6,41.2,0.37770000000000004,13.5,17.1,0.7826000000000001,9.7,38.3,48.0,28.2,5.2,7.2,14.3,14.3,118.1,0.6,0,1,0,0,0,0,0,0,0,0,0,0,0,0,0,0,0,0,0,0,0,0,0,0,0,0,0,0,0,0,0,0,0,0,0,0,0,0,0,0,0,0,0,0,0,0,0,0,0,0,0,0,0,0,0,1,0,0,0,0,0,0,0,0
1.0,41.9,87.3,0.48089999999999994,14.7,38.8,0.388,14.7,19.3,0.7481,8.5,31.0,39.5,26.2,6.4,2.4,12.2,19.0,113.2,43.0,86.1,0.49939999999999996,12.2,33.8,0.36019999999999996,17.3,24.3,0.7035,11.5,33.0,44.5,24.5,8.4,4.8,13.5,18.6,115.5,0.5,0,0,0,0,0,0,0,0,0,0,0,0,0,0,0,0,0,0,0,0,1,0,0,0,0,0,0,0,0,0,0,0,0,0,0,0,0,0,0,0,0,0,0,0,0,0,0,0,1,0,0,0,0,0,0,0,0,0,0,0,0,0,0,0
1.0,43.9,90.9,0.48279999999999995,9.8,29.6,0.3317,19.2,25.0,0.7625000000000001,11.7,35.9,47.6,26.5,6.7,6.0,12.3,15.9,116.8,42.1,91.7,0.4598999999999999,17.4,43.7,0.3981,16.4,21.8,0.7561,12.4,35.1,47.5,29.6,7.5,3.9,14.1,20.6,118.0,0.3,0,0,0,0,0,0,0,0,0,0,1,0,0,0,0,0,0,0,0,0,0,0,0,0,0,0,0,0,0,0,0,0,0,0,0,0,0,0,0,0,0,0,0,0,0,0,1,0,0,0,0,0,0,0,0,0,0,0,0,0,0,0,0,0
0.0,43.1,88.3,0.49060000000000004,10.9,30.5,0.36019999999999996,14.6,19.4,0.7577,10.0,32.8,42.8,26.8,7.2,5.0,13.4,19.7,111.7,43.7,88.8,0.49429999999999996,10.8,27.9,0.3825,19.2,23.9,0.8107000000000001,10.5,32.9,43.4,27.1,6.6,6.0,10.7,20.3,117.4,0.6,0,0,0,0,0,0,0,0,0,0,0,0,0,0,0,0,0,0,0,0,0,0,0,0,1,0,0,0,0,0,0,0,0,0,0,0,0,0,0,0,1,0,0,0,0,0,0,0,0,0,0,0,0,0,0,0,0,0,0,0,0,0,0,0
0.0,44.2,90.3,0.4891,17.6,44.6,0.39440000000000003,14.9,18.9,0.7870999999999999,9.1,33.4,42.5,27.8,6.2,5.6,10.0,18.1,120.9,38.6,81.5,0.47539999999999993,13.2,34.6,0.3789,18.5,21.2,0.8751,9.5,33.0,42.5,24.8,7.8,6.0,13.9,20.4,108.9,0.6,0,0,0,0,0,0,0,0,0,0,0,0,0,0,0,0,0,0,0,0,0,0,0,1,0,0,0,0,0,0,0,0,0,1,0,0,0,0,0,0,0,0,0,0,0,0,0,0,0,0,0,0,0,0,0,0,0,0,0,0,0,0,0,0
1.0,38.9,87.0,0.44610000000000005,11.8,36.0,0.3237,18.7,24.7,0.7551,13.4,30.7,44.1,22.3,7.9,4.6,14.6,19.0,108.3,42.2,83.5,0.5066,13.5,33.8,0.4034,21.1,25.3,0.8303,8.7,31.7,40.4,24.8,8.2,3.5,13.6,18.6,119.0,0.4,0,0,0,0,0,0,0,0,0,0,0,0,0,0,0,0,1,0,0,0,0,0,0,0,0,0,0,0,0,0,0,0,0,0,0,0,0,0,0,0,0,0,0,0,0,0,0,0,0,0,0,0,1,0,0,0,0,0,0,0,0,0,0,0
1.0,44.2,91.4,0.4852,14.4,42.5,0.33649999999999997,15.5,19.8,0.7915,12.2,34.6,46.8,30.4,7.7,5.2,16.2,22.4,118.3,42.3,86.6,0.49079999999999996,12.2,33.2,0.3678,21.1,27.0,0.7881,9.6,37.2,46.8,24.6,7.1,6.4,14.5,16.0,117.9,0.3,0,0,0,0,0,0,0,0,0,0,0,0,0,0,1,0,0,0,0,0,0,0,0,0,0,0,0,0,0,0,0,0,0,0,0,0,0,0,0,0,0,0,1,0,0,0,0,0,0,0,0,0,0,0,0,0,0,0,0,0,0,0,0,0
1.0,41.3,87.7,0.4692,11.5,30.4,0.37979999999999997,16.8,20.1,0.8423,10.5,32.7,43.2,20.6,6.4,4.2,12.7,19.5,110.9,42.6,87.1,0.4913,15.0,40.6,0.3684,14.5,18.4,0.7847,9.7,35.8,45.5,27.4,5.2,6.2,13.6,14.1,114.7,0.6,0,1,0,0,0,0,0,0,0,0,0,0,0,0,0,0,0,0,0,0,0,0,0,0,0,0,0,0,0,0,0,0,0,0,0,0,0,0,0,0,0,0,0,0,0,0,0,0,0,0,0,0,0,0,0,1,0,0,0,0,0,0,0,0
1.0,43.6,91.0,0.4788,10.1,30.3,0.3337,18.0,23.5,0.7625,11.1,35.8,46.9,26.7,6.3,6.1,12.1,16.2,115.3,40.8,87.1,0.4686,10.5,30.7,0.33999999999999997,18.7,23.9,0.7852,12.0,33.7,45.7,24.9,8.1,3.9,12.1,18.7,110.8,0.5,0,0,0,0,0,0,0,0,1,0,0,0,0,0,0,0,0,0,0,0,0,0,0,0,0,0,0,0,0,0,0,0,0,0,0,0,0,0,0,0,0,0,0,0,0,0,1,0,0,0,0,0,0,0,0,0,0,0,0,0,0,0,0,0
0.0,42.4,88.1,0.48290000000000005,15.0,39.8,0.3879,14.5,19.3,0.7376,8.4,30.2,38.6,27.1,6.9,2.5,11.8,21.0,114.3,42.5,86.2,0.49460000000000004,14.8,38.8,0.3806,13.9,18.0,0.7725,9.4,36.2,45.6,26.5,5.1,6.5,13.2,14.0,113.7,0.6,0,1,0,0,0,0,0,0,0,0,0,0,0,0,0,0,0,0,0,0,0,0,0,0,0,0,0,0,0,0,0,0,0,0,0,0,0,0,0,0,0,0,0,0,0,0,0,0,1,0,0,0,0,0,0,0,0,0,0,0,0,0,0,0
1.0,43.7,90.4,0.48360000000000003,10.3,30.5,0.3386,17.9,23.1,0.771,10.1,34.5,44.6,26.9,5.9,6.0,11.2,16.6,115.6,41.5,87.7,0.4729,10.9,30.7,0.3525,18.5,23.9,0.7761,12.5,33.7,46.2,24.4,7.8,4.2,12.0,19.2,112.4,0.6,0,0,0,0,0,0,0,0,1,0,0,0,0,0,0,0,0,0,0,0,0,0,0,0,0,0,0,0,0,0,0,0,0,0,0,0,0,0,0,0,0,0,0,0,0,0,1,0,0,0,0,0,0,0,0,0,0,0,0,0,0,0,0,0
0.0,43.5,88.7,0.49269999999999997,15.3,39.0,0.4062,15.1,19.8,0.7522,8.5,30.1,38.6,27.1,7.6,2.8,12.2,21.4,117.4,42.9,85.4,0.5038,14.7,37.9,0.38620000000000004,15.1,19.1,0.7928000000000001,9.2,35.0,44.2,26.7,5.2,6.1,13.2,14.4,115.6,0.5,0,1,0,0,0,0,0,0,0,0,0,0,0,0,0,0,0,0,0,0,0,0,0,0,0,0,0,0,0,0,0,0,0,0,0,0,0,0,0,0,0,0,0,0,0,0,0,0,1,0,0,0,0,0,0,0,0,0,0,0,0,0,0,0
0.0,43.3,88.5,0.4918,10.5,30.4,0.34439999999999993,16.3,21.2,0.7588999999999999,10.1,32.8,42.9,26.1,7.7,5.0,12.8,20.2,113.4,42.3,87.1,0.4871,12.7,34.1,0.3707,20.6,26.6,0.7836000000000001,9.7,38.1,47.8,24.4,7.0,6.8,13.7,15.7,117.9,0.6,0,0,0,0,0,0,0,0,0,0,0,0,0,0,1,0,0,0,0,0,0,0,0,0,0,0,0,0,0,0,0,0,0,0,0,0,0,0,0,0,1,0,0,0,0,0,0,0,0,0,0,0,0,0,0,0,0,0,0,0,0,0,0,0
1.0,43.3,89.3,0.48369999999999996,16.9,43.0,0.3942,15.2,18.9,0.8058,9.2,34.3,43.5,27.0,6.7,6.0,11.0,17.8,118.7,41.8,83.8,0.5,12.8,33.1,0.3881,20.3,24.2,0.8362,8.5,32.2,40.7,25.3,7.8,3.3,13.0,19.5,116.7,0.5,0,0,0,0,0,0,0,0,0,0,0,0,0,0,0,0,1,0,0,0,0,0,0,0,0,0,0,0,0,0,0,0,0,1,0,0,0,0,0,0,0,0,0,0,0,0,0,0,0,0,0,0,0,0,0,0,0,0,0,0,0,0,0,0
0.0,43.5,89.0,0.4912000000000001,10.7,31.3,0.33899999999999997,15.8,21.0,0.7421,9.5,33.2,42.7,26.3,7.7,4.9,12.4,20.3,113.5,41.9,86.4,0.4861,12.5,33.9,0.3667,20.8,26.7,0.7881,9.2,37.8,47.0,25.1,6.4,6.6,13.8,16.1,117.1,0.7,0,0,0,0,0,0,0,0,0,0,0,0,0,0,1,0,0,0,0,0,0,0,0,0,0,0,0,0,0,0,0,0,0,0,0,0,0,0,0,0,1,0,0,0,0,0,0,0,0,0,0,0,0,0,0,0,0,0,0,0,0,0,0,0
0.0,42.3,89.9,0.4702,16.2,42.8,0.37950000000000006,14.9,18.3,0.8127000000000001,10.2,34.7,44.9,26.2,6.1,6.0,11.9,18.7,115.7,41.5,83.7,0.497,13.4,33.7,0.3976,19.3,23.0,0.8353999999999999,7.8,32.3,40.1,24.5,7.7,3.2,12.7,19.5,115.7,0.4,0,0,0,0,0,0,0,0,0,0,0,0,0,0,0,0,1,0,0,0,0,0,0,0,0,0,0,0,0,0,0,0,0,1,0,0,0,0,0,0,0,0,0,0,0,0,0,0,0,0,0,0,0,0,0,0,0,0,0,0,0,0,0,0
1.0,43.6,89.9,0.4871,14.9,38.0,0.40470000000000006,14.6,19.1,0.7584,9.1,30.7,39.8,26.8,7.3,3.1,12.5,21.3,116.7,42.1,85.2,0.495,14.2,37.0,0.38070000000000004,15.6,19.4,0.8041,8.5,33.9,42.4,25.2,5.0,6.3,12.6,15.0,114.0,0.4,0,1,0,0,0,0,0,0,0,0,0,0,0,0,0,0,0,0,0,0,0,0,0,0,0,0,0,0,0,0,0,0,0,0,0,0,0,0,0,0,0,0,0,0,0,0,0,0,1,0,0,0,0,0,0,0,0,0,0,0,0,0,0,0
0.0,42.1,89.0,0.47300000000000003,16.9,42.9,0.3945,15.1,19.0,0.7885,10.2,34.8,45.0,26.1,6.4,6.0,11.7,19.7,116.2,40.4,83.6,0.48360000000000003,12.6,34.1,0.3655,19.5,23.2,0.8367000000000001,8.8,32.8,41.6,23.5,7.3,3.3,13.3,19.5,112.9,0.5,0,0,0,0,0,0,0,0,0,0,0,0,0,0,0,0,1,0,0,0,0,0,0,0,0,0,0,0,0,0,0,0,0,1,0,0,0,0,0,0,0,0,0,0,0,0,0,0,0,0,0,0,0,0,0,0,0,0,0,0,0,0,0,0
0.0,42.7,88.9,0.4827,14.0,36.4,0.3976,14.1,18.6,0.7516999999999999,9.1,30.1,39.2,24.9,7.6,3.3,13.0,21.3,113.5,41.9,84.2,0.4984,13.3,35.5,0.3754,15.9,19.9,0.7992000000000001,8.5,32.9,41.4,24.2,5.8,6.4,12.1,14.6,113.0,0.5,0,1,0,0,0,0,0,0,0,0,0,0,0,0,0,0,0,0,0,0,0,0,0,0,0,0,0,0,0,0,0,0,0,0,0,0,0,0,0,0,0,0,0,0,0,0,0,0,1,0,0,0,0,0,0,0,0,0,0,0,0,0,0,0
1.0,42.6,87.7,0.48760000000000003,13.9,34.5,0.4157,13.9,18.0,0.7767,8.4,30.3,38.7,24.9,7.6,3.1,12.8,19.9,113.0,42.2,88.6,0.47669999999999996,11.9,31.7,0.375,18.1,22.5,0.8025,12.5,34.6,47.1,25.0,8.2,3.9,12.7,18.9,114.4,0.9,0,0,0,0,0,0,0,0,1,0,0,0,0,0,0,0,0,0,0,0,0,0,0,0,0,0,0,0,0,0,0,0,0,0,0,0,0,0,0,0,0,0,0,0,0,0,0,0,1,0,0,0,0,0,0,0,0,0,0,0,0,0,0,0
0.0,41.5,88.9,0.4687,13.7,35.9,0.389,12.6,16.1,0.8053000000000001,9.1,30.3,39.4,24.3,7.5,3.4,12.0,19.0,109.3,41.8,86.5,0.4833,11.8,31.1,0.3773,18.2,22.7,0.7992,11.4,35.5,46.9,25.5,7.5,3.6,12.4,18.0,113.6,0.9,0,0,0,0,0,0,0,0,1,0,0,0,0,0,0,0,0,0,0,0,0,0,0,0,0,0,0,0,0,0,0,0,0,0,0,0,0,0,0,0,0,0,0,0,0,0,0,0,1,0,0,0,0,0,0,0,0,0,0,0,0,0,0,0
0.0,43.8,88.0,0.49940000000000007,11.3,32.0,0.35229999999999995,16.6,21.2,0.7735000000000001,9.1,32.5,41.6,26.9,6.9,5.3,12.4,20.7,115.5,39.9,84.9,0.4716,12.8,34.1,0.3722,20.6,24.7,0.8302999999999999,9.7,33.4,43.1,23.5,7.3,3.3,12.4,20.0,113.2,0.8,0,0,0,0,0,0,0,0,0,0,0,0,0,0,0,0,1,0,0,0,0,0,0,0,0,0,0,0,0,0,0,0,0,0,0,0,0,0,0,0,1,0,0,0,0,0,0,0,0,0,0,0,0,0,0,0,0,0,0,0,0,0,0,0
0.0,43.8,87.3,0.5036,10.7,30.2,0.3495,17.8,22.1,0.7994000000000001,9.1,33.6,42.7,27.1,6.3,4.5,11.8,20.7,116.1,38.8,85.5,0.4563,12.6,33.9,0.3685,19.5,23.7,0.8195,9.7,33.1,42.8,22.8,7.4,3.6,11.7,20.6,109.7,0.8,0,0,0,0,0,0,0,0,0,0,0,0,0,0,0,0,1,0,0,0,0,0,0,0,0,0,0,0,0,0,0,0,0,0,0,0,0,0,0,0,1,0,0,0,0,0,0,0,0,0,0,0,0,0,0,0,0,0,0,0,0,0,0,0
1.0,40.8,88.3,0.4638,13.8,35.8,0.3932,12.8,15.8,0.8257,9.2,29.2,38.4,24.5,7.0,3.6,11.4,20.3,108.2,41.5,85.6,0.48529999999999995,12.2,31.1,0.3916,18.3,22.4,0.8136000000000001,10.8,34.8,45.6,25.3,7.1,3.6,11.8,18.6,113.5,0.9,0,0,0,0,0,0,0,0,1,0,0,0,0,0,0,0,0,0,0,0,0,0,0,0,0,0,0,0,0,0,0,0,0,0,0,0,0,0,0,0,0,0,0,0,0,0,0,0,1,0,0,0,0,0,0,0,0,0,0,0,0,0,0,0
